Season Number,Episode Number,Episode Title,Pitch Number,Startup Name,Industry,Business Description,Pitchers Average Age,Pitchers City,Pitchers State,Yearly Revenue,Monthly Sales,Gross Margin,Original Ask Amount,Original Offered Equity,Valuation Requested,Received Offer,Accepted Offer,Total Deal Amount,Total Deal Equity,Deal Valuation,Number of sharks in deal
1,1,Badlegi Business Ki Tasveer,1,BluePineFoods,Food,Frozen Momos,Middle,Delhi,Delhi,95,8,,50,5,1000,1,1,75,16,469,3
1,1,Badlegi Business Ki Tasveer,2,BoozScooters,Vehicles/Electrical Vehicles,Renting e-bike for mobility in private spaces,Young,Ahmedabad,Gujarat,4,0.4,,40,15,267,1,1,40,50,80,2
1,1,Badlegi Business Ki Tasveer,3,HeartUpMySleeves,Beauty/Fashion,Detachable Sleeves,Young,Delhi,Delhi,,2,,25,10,250,1,1,25,30,83,2
1,2,"Insaan, Ideas Aur Sapne",4,TagzFoods,Food,Healthy Potato Chips Snacks,Middle,Bangalore,Karnataka,700,,48,70,1,7000,1,1,70,2.75,2545,1
1,2,"Insaan, Ideas Aur Sapne",5,HeadAndHeart,Education,Brain Development Course,Middle,Patiala,Punjab,30,,,50,5,1000,0,,,,,
1,2,"Insaan, Ideas Aur Sapne",6,Agritourism,Agriculture,Tourism,Middle,Baramati,Maharashtra,79,,,50,5,1000,0,,,,,
1,3,Aam Aadmi Ke Business Ideas,7,qZenseLabs,Food,Food Freshness Detector,Middle,"Delhi,Mohali","Delhi,Punjab",25,,,100,0.25,40000,1,0,,,,
1,3,Aam Aadmi Ke Business Ideas,8,Peeschute,Beauty/Fashion,Disposable Urine Bag,Young,Jalna,Maharashtra,100,,,75,4,1875,1,1,75,6,1250,1
1,3,Aam Aadmi Ke Business Ideas,9,NOCD,Food,Energy Drink,Middle,Bangalore,Karnataka,,20,,50,2,2500,1,1,20,15,133,1
1,4,Entrepreneurship Ki Wave,10,CosIQ,Beauty/Fashion,Intelligent Skincare,Middle,Delhi,Delhi,,4,75,50,7.5,667,1,1,50,25,200,2
1,4,Entrepreneurship Ki Wave,11,JhaJiAchaar,Food,Pickle,Old,Darbhanga,Bihar,,5,18,50,10,500,1,1,56.6,5.62,1007,2
1,4,Entrepreneurship Ki Wave,12,Bummer,Beauty/Fashion,Underwear,Young,Ahmedabad,Gujarat,,15,70,75,4,1875,1,1,75,7.5,1000,2
1,5,Hunt For Interesting Business,13,RevampMoto,Vehicles/Electrical Vehicles,E-Bike Mitra bud-e RM,Young,Nashik,Maharashtra,,0.01,,100,1,10000,1,1,100,1.5,6667,2
1,5,Hunt For Interesting Business,14,HungryHead,Food,Restaurant serving 80 types of Maggi,Middle,Mumbai,Maharashtra,,5.5,,50,5,1000,0,,,,,
1,5,Hunt For Interesting Business,15,ShrawaniEngineers,Beauty/Fashion,Belly Button Shaper,Middle,Nagpur,Maharashtra,50,,,20,10,200,0,,,,,
1,6,"New Week, New Ideas",16,SkippiIcePops,Food,Ice-Pops,Middle,Hyderabad,Telangana,,6,,45,5,900,1,1,100,15,667,5
1,6,"New Week, New Ideas",17,Menstrupedia,Education,Menstrual Awareness Comic,Middle,Ahmedabad,Gujarat,115,,,50,10,500,1,1,50,20,250,1
1,6,"New Week, New Ideas",18,Hecoll,Beauty/Fashion,Pollution Resistant Fabric - Healthy Cover For All,Middle,Hyderabad,Telangana,107,,,100,1,10000,0,,,,,
1,7,A Never Give Up Spirit,19,RaisingSuperstars,Education,Child Development App,Middle,Gurgaon,Haryana,1300,,,100,2,5000,1,1,100,4,2500,2
1,7,A Never Give Up Spirit,20,Torch-it,Education,Gadgets for visually impaired people,Middle,Ahmedabad,Gujarat,,1,,75,1,7500,1,0,,,,
1,7,A Never Give Up Spirit,21,Kavach,Education,Report bullying incidents,Young,Gurgaon,Haryana,,,,5,10,50,1,1,5,10,50,2
1,7,A Never Give Up Spirit,22,LaKheerDeli,Food,Kheer in variety of flavors,Middle,Pune,Maharashtra,,6,,50,7.5,667,1,0,,,,
1,8,Shark Ko Impress Karne Wale Ideas,23,BeyondSnack,Food,Kerala Banana Chips,Middle,Thiruvananthapuram,Kerala,,20.6,51,50,2.5,2000,1,1,50,2.5,2000,2
1,8,Shark Ko Impress Karne Wale Ideas,24,VivalyfInnovations,Medical/Health,Easy Life Prickless Diabetes Testing Machine,Young,Hyderabad,Telangana,,,,56,7.5,747,1,1,56,33.33,168,2
1,8,Shark Ko Impress Karne Wale Ideas,25,MotionBreeze,Vehicles/Electrical Vehicles,Smart Electric Motorcycle,Middle,Vadodara,Gujarat,0,,,30,3,1000,1,1,30,6,500,1
1,9,Defining Innovations,26,Altor,Manufacturing,Smart Helmets,Young,Kolkata,West Bengal,,,,50,5,1000,1,1,50,7,714,2
1,9,Defining Innovations,27,Ariro,Manufacturing,Wooden Toys,Young,Chennai,Tamil Nadu,300,25,50,50,2.5,2000,1,1,50,10,500,2
1,9,Defining Innovations,28,KabiraHandmad,Food,Healthy Edible Oils dairy products spices flour,Middle,Jaipur,Rajasthan,,160,3,100,5,2000,1,0,,,,
1,10,Passion About Entrepreneurship,29,Nuutjob,Beauty/Fashion,Male Intimate Hygiene deo spray,Young,Ahmedabad,Gujarat,,0.002,70,25,5,500,1,1,25,20,125,3
1,10,Passion About Entrepreneurship,30,Meatyour,Food,Eggs,Middle,Pune,Maharashtra,130,2.8,30,30,5,600,1,1,30,20,150,3
1,10,Passion About Entrepreneurship,31,EventBeep,Education,Student Community App EdTech,Young,Pune,Maharashtra,,,,30,2,1500,1,1,30,3,1000,3
1,11,Investment Paane Ka Sapna,32,Gopal's56,Food,Fiber Ice Cream,Middle,Delhi,Delhi,80,33,,30000,25,120000,0,,,,,
1,11,Investment Paane Ka Sapna,33,ARRCOATSurfaceTextures,Manufacturing,Wall Building Surface Textures,Middle,Delhi,Delhi,,6,,50,5,1000,1,1,50,15,333,1
1,11,Investment Paane Ka Sapna,34,Farda,Beauty/Fashion,Customised Streetwear,Young,Nagpur,Maharashtra,,0.32,115,30,10,300,1,1,30,20,150,2
1,12,Ek Idea Aur Uske Do Sides,35,Auli,Beauty/Fashion,Ayurvedic Products Skincare Lifestyle,Middle,Kolkata,West Bengal,,16,80,75,4,1875,1,1,75,15,500,1
1,12,Ek Idea Aur Uske Do Sides,36,SweeDesi,Food,Indian Sweets Online,Middle,Pune,Maharashtra,,,,40,3,1333,0,,,,,
1,12,Ek Idea Aur Uske Do Sides,37,LOKA,Technology/Software,Metaverse App,Young,Delhi,Delhi,,,,40,5,800,1,1,40,24,167,3
1,13,Ideas By Young Entrepreneurs,38,Annie,Education,Thinkerbell labs Braille Literary Device,Young,Bangalore,Karnataka,,4,,30,0.5,6000,1,1,105,3,3500,3
1,13,Ideas By Young Entrepreneurs,39,Carragreen,Manufacturing,Eco-Friendly boxes,Middle,Indore,Madhya Pradesh,,,,50,10,500,1,1,50,20,250,2
1,13,Ideas By Young Entrepreneurs,40,TheYarnBazaar,Manufacturing,Yarn-Trading App Online Marketplace for Yarn,Middle,Mumbai,Maharashtra,180,,,50,2,2500,1,1,100,10,1000,4
1,14,Naye Aur Nayab Pitchers,41,TheRenalProject,Medical/Health,Home Dialysis Treatment,Middle,Mumbai,Maharashtra,90,,,100,3,3333,1,1,100,6,1667,2
1,14,Naye Aur Nayab Pitchers,42,MorrikoPureFoods,Food,Healthy Food Snacks Kamdhenu foods,Middle,Valsad,Gujarat,,16,,100,3,3333,1,0,,,,
1,14,Naye Aur Nayab Pitchers,43,GoodGoodPiggy,Technology/Software,Digital Piggy Bank,Young,Delhi,Delhi,0,,,45,5,900,0,,,,,
1,15,It's Time To Change,44,HammerLifestyle,Electronics,Smart Audio Products,Young,Panipat,Haryana,1000,,,30,3,1000,1,1,100,40,250,1
1,15,It's Time To Change,45,PNT,Technology/Software,Robotics and Automation Solutions,Young,Mumbai,Maharashtra,,,,50,4,1250,1,1,25,25,100,1
1,15,It's Time To Change,46,Cocofit,Food,Coconut based beverage franchise,Middle,Hyderabad,Telangana,100,,95,0.00005,5,0,1,1,0.00005,5,0,3
1,16,Winning The Sharks Trust,47,BambooIndia,Manufacturing,Bamboo Products,Middle,Pune,Maharashtra,,20,,80,4,2000,1,1,50,3.5,1429,2
1,16,Winning The Sharks Trust,48,FlyingFur,Animal/Pets,Dog pets Hygiene,Middle,Delhi,Delhi,,,,75,7,1071,0,,,,,
1,16,Winning The Sharks Trust,49,BeyondWater,Food,Liquid Water Enhancer,Young,Kolkata,West Bengal,,10,,75,4,1875,1,1,75,15,500,2
1,16,Winning The Sharks Trust,50,Let'sTry,Food,Healthy Snacks,Middle,Delhi,Delhi,,3,55,45,2,2250,1,1,45,12,375,2
1,17,A Wave Of Startups,51,FindYourKicksIndia,Beauty/Fashion,Sneaker Resale,Young,Ludhiana,Punjab,,3.5,,50,10,500,1,1,50,25,200,5
1,17,A Wave Of Startups,52,AasVidyalaya,Education,EdTech App,Middle,Mumbai,Maharashtra,150,,,150,3,5000,1,1,150,15,1000,3
1,17,A Wave Of Startups,53,Outbox,Services,Premium Surprise-Planning,Young,Kolkata,West Bengal,110,,,50,5,1000,0,,,,,
1,17,A Wave Of Startups,54,RoadBounce,Technology/Software,Pothole Detection Software and Data,Middle,Pune,Maharashtra,250,,,80,10,800,1,1,80,20,400,1
1,18,Investing In Profitable Businesses,55,Mommy'sKitchen,Food,Thin Crust Pizza,Middle,Mumbai,Maharashtra,,4.5,,90,3,3000,0,,,,,
1,18,Investing In Profitable Businesses,56,IndiaHempandCo,Food,Hemp Food Products,Middle,Bangalore,Karnataka,,2,,50,4,1250,1,0,,,,
1,18,Investing In Profitable Businesses,57,Otua,Vehicles/Electrical Vehicles,Electric Auto Vehicle Dandera,Middle,Gurgaon,Haryana,,,,100,1,10000,1,1,1,1,100,1
1,18,Investing In Profitable Businesses,58,Anthyesti,Services,Funeral Service the last rites,Middle,Bangalore,Karnataka,116,,50,50,2.5,2000,0,,,,,
1,19,Forming An Idea And Bagging A Deal,59,Ethik,Manufacturing,Leather-free Shoes,Middle,Bangalore,Karnataka,,1,,15,5,300,0,,,,,
1,19,Forming An Idea And Bagging A Deal,60,WeSTOCK,Animal/Pets,Brainwired Livestock health monitoring AI pets ear tag,Middle,Ernakulam,Kerala,55,,,50,5,1000,1,1,60,10,600,4
1,19,Forming An Idea And Bagging A Deal,61,KetoIndia,Food,Customised Keto Diets for various Medical/Health issues,Young,Delhi,Delhi,180,,,150,1.25,12000,1,0,,,,
1,19,Forming An Idea And Bagging A Deal,62,Magiclock,Hardware,LPG Cylinder lock,Middle,Mumbai,Maharashtra,,0.04,,120,8,1500,0,,,,,
1,20,A Variety Of Ideas,63,TheStatePlate,Food,Delicacies,Young,"Bangalore,Kolkata","Karnataka,West Bengal",,40,,65,2,3250,1,1,40,3,1333,1
1,20,A Variety Of Ideas,64,Bakarmax,Technology/Software,Comics & Animation,Young,Delhi,Delhi,35,,,35,5,700,0,,,,,
1,20,A Variety Of Ideas,65,INACAN,Food,Can Cocktails,Middle,Pune,Maharashtra,,23,,50,2,2500,1,1,100,10,1000,5
1,21,Game-changing Ideas,66,Get-A-Whey,Food,Sugar-Free Icecream,Middle,Mumbai,Maharashtra,360,0.25,69,100,8,1250,1,1,100,15,667,3
1,21,Game-changing Ideas,67,Sid07Designs,Hardware,Inventions,Young,Jammu,Jammu & Kashmir,,1,,47,10,470,1,1,25,75,33,1
1,21,Game-changing Ideas,68,TheQuirkyNaari,Beauty/Fashion,Customised Apparels,Young,Mathura,Uttar Pradesh,,3,,35,5,700,1,1,35,24,146,2
1,22,Turning Ideas Into Businesses,69,HairOriginals,Beauty/Fashion,Natural Hair Extensions,Middle,Gurgaon,Haryana,,50,62,60,2,3000,1,1,60,4,1500,3
1,22,Turning Ideas Into Businesses,70,Poo-de-Cologne,Beauty/Fashion,Toilet Spray with Essential Oils,Middle,Mumbai,Maharashtra,,0.75,150,75,5,1500,0,,,,,
1,22,Turning Ideas Into Businesses,71,Moonshine,Food,Meads,Middle,Mumbai,Maharashtra,372,,70,80,0.5,16000,1,0,,,,
1,22,Turning Ideas Into Businesses,72,Falhari,Food,Fresh Fruits salads,Middle,Gurgaon,Haryana,,1,25,50,2,2500,1,0,,,,
1,23,Investing In Innovation,73,NamhyaFoods,Food,Ayurvedic Enriched Food,Young,Jammu,Jammu & Kashmir,,16,34,100,5,2000,1,1,50,10,500,1
1,23,Investing In Innovation,74,UrbanMonkey,Beauty/Fashion,Streetwear,Young,Mumbai,Maharashtra,,200,25,100,1,10000,1,0,,,,
1,23,Investing In Innovation,75,GuardianGears,Manufacturing,Motorcycle Luggage bags,Middle,Hyderabad,Telangana,2500,21,50,30,5,600,1,0,,,,
1,23,Investing In Innovation,76,ModernMyth,Beauty/Fashion,Bags Slings Clutches Handbags Totes Laptop Bags Travel Essentials Pouches Trunks & Gifting,Young,Delhi,Delhi,,14,,75,5,1500,0,,,,,
1,24,A Decade Of Indian Entrepreneurship,77,TheSassBar,Beauty/Fashion,Gifts Soaps,Young,Mumbai,Maharashtra,,7,65,40,8,500,1,1,50,35,143,2
1,24,A Decade Of Indian Entrepreneurship,78,KGAgrotech,Agriculture,Agricultural Innovations,Young,Malegaon,Maharashtra,,,,30,10,300,1,1,10,40,25,1
1,24,A Decade Of Indian Entrepreneurship,79,NuskhaKitchen,Food,Homemade after delivery Foods,Middle,Jaipur,Rajasthan,,1.45,,20,10,200,0,,,,,
1,25,An Ocean Of Opportunities,80,PawsIndia,Animal/Pets,Dog Products,Young,Mumbai,Maharashtra,,20,,50,4,1250,1,1,50,15,333,1
1,25,An Ocean Of Opportunities,81,SunfoxTechnologies,Medical/Health,Portable ECG Device,Young,Dehradun,Uttarakhand,120,5,,100,2,5000,1,1,100,6,1667,5
1,25,An Ocean Of Opportunities,82,Alpino,Food,Roasted Peanut butter Products,Young,Surat,Gujarat,1000,,38,150,2,7500,1,0,,,,
1,26,Revolutionary Ideas,83,IsakFragrances,Beauty/Fashion,Perfumes Fragrances,Young,Lucknow,Uttar Pradesh,,3.5,,50,8,625,1,1,50,50,100,1
1,26,Revolutionary Ideas,84,JulaaAutomation,Manufacturing,Automatic Cradle,Middle,Ahmedabad,Gujarat,0,,,50,10,500,0,,,,,
1,26,Revolutionary Ideas,85,RarePlanet,Manufacturing,Handicrafts,Middle,Kolkata,West Bengal,,12,,65,1,6500,1,1,65,3,2167,1
1,27,Investing In The Future Of India,86,ThekaCoffee,Food,Coffee Products,Young,Gandhinagar,Gujarat,180,4,,50,10,500,0,,,,,
1,27,Investing In The Future Of India,87,WattTechnovations,Medical/Health,Ventilated PPE Kits,Young,Pune,Maharashtra,,,,0.00101,2,0,1,1,0.00101,4,0,4
1,27,Investing In The Future Of India,88,AlisteTechnologies,Technology/Software,Automation Solutions,Young,Noida,Uttar Pradesh,,7.5,40,60,5,1200,1,0,,,,
1,27,Investing In The Future Of India,89,InsuranceSamadhan,Services,Insurance Solutions,Middle,Noida,Uttar Pradesh,,22,,100,1,10000,1,1,100,4,2500,1
1,28,Meeting The New India Minds,90,HumpyA2,Food,Organic Milk A2 Products,Middle,Pune,Maharashtra,208,,44,75,4,1875,1,1,100,15,667,3
1,28,Meeting The New India Minds,91,KunafaWorld,Food,Kunafa food products,Young,Mangalore,Karnataka,200,30,30,90,5,1800,0,,,,,
1,28,Meeting The New India Minds,92,GoldSafeSolutions,Manufacturing,Anti-Suicidal Fan Rod,Middle,Mumbai,Maharashtra,50,,25,50,5,1000,1,1,50,30,167,3
1,29,Businesses Of Tomorrow,93,WakaoFoods,Food,Jackfruit Products,Middle,Goa,Goa,,6,,75,5,1500,1,1,75,21,357,3
1,29,Businesses Of Tomorrow,94,PDDFalcon,Manufacturing,Stainless Steel Items,Young,Gandhinagar,Gujarat,272,,30,75,3,2500,1,0,,,,
1,29,Businesses Of Tomorrow,95,PlayBoxTV,Services,Streaming Platform,Young,Mumbai,Maharashtra,1020,,,100,3.5,2857,1,0,,,,
1,30,Sharks Ki Expertise,96,Sippline,Manufacturing,Portable Glass Attachment Drinking Shields,Middle,Pune,Maharashtra,,,,75,15,500,0,,,,,
1,30,Sharks Ki Expertise,97,KabaddiAdda,Sports,All-Kabaddi App,Middle,Bangalore,Karnataka,250,,,80,1,8000,1,1,80,6,1333,2
1,30,Sharks Ki Expertise,98,ShadesofSpring,Services,Flowers,Young,Bangalore,Karnataka,900,,29,300,1,30000,0,,,,,
1,30,Sharks Ki Expertise,99,Scholify,Education,Scholarship Platform,Middle,Bangalore,Karnataka,0,,,50,7.5,667,0,,,,,
1,31,Entrepreneurship Ki Raah,100,Scrapshala,Manufacturing,Handmade Reusable Scrap Materials,Middle,Varanasi,Uttar Pradesh,,2,,50,10,500,0,,,,,
1,31,Entrepreneurship Ki Raah,101,Sabjikothi,Manufacturing,Vegetables Storage SaptKrishi,Young,Bhagalpur,Bihar,0,,,60,2.5,2400,0,,,,,
1,31,Entrepreneurship Ki Raah,102,AyuRythm,Medical/Health,Ayurvedic Wellness App,Middle,Bangalore,Karnataka,,,,75,2,3750,1,1,75,2.68,2799,1
1,31,Entrepreneurship Ki Raah,103,Astrix,Manufacturing,Smart Locks Qtouch,Middle,Coimbatore,Tamil Nadu,,18,,75,3,2500,0,,,,,
1,32,The Road To Success,104,TheaandSid,Services,Proposal Solutions,Middle,Mumbai,Maharashtra,16,10,75,80,7,1143,0,,,,,
1,32,The Road To Success,105,ExperentialEtc,Technology/Software,Technology layered advertisement services,Middle,Mumbai,Maharashtra,100,,,200,4,5000,1,0,,,,
1,32,The Road To Success,106,GrowFitter,Technology/Software,Rewards App,Middle,Mumbai,Maharashtra,170,,,50,1,5000,1,1,50,2,2500,1
1,32,The Road To Success,107,C3Med-Tech,Medical/Health,Portable ophthalmic vision devices,Middle,Ahmedabad,Gujarat,,,,35,6,583,1,0,,,,
1,33,Life-Changing Ideas,108,ColourMeMad-CMM,Beauty/Fashion,Insoles,Middle,Mumbai,Maharashtra,,0.66,,40,10,400,1,1,40,25,160,1
1,33,Life-Changing Ideas,109,Mavi's,Food,Vegan Fermented Food,Middle,Thane,Maharashtra,,2,,40,5,800,0,,,,,
1,33,Life-Changing Ideas,110,TweekLabs,Sports,Sportswear,Middle,Delhi,Delhi,,,,40,2,2000,1,1,60,10,600,3
1,33,Life-Changing Ideas,111,Proxgy,Technology/Software,Virtual Reality,Middle,Delhi,Delhi,,,,35,1,3500,1,1,100,10,1000,2
1,34,Scaling Ambitions,112,NomadFoodProject,Food,Bacon Jams Relishes,Young,"Delhi,Pune","Delhi,Maharashtra",,3,70,40,10,400,1,1,40,20,200,4
1,34,Scaling Ambitions,113,TweeInOne,Beauty/Fashion,Reversible and convertible clothing,Young,Mumbai,Maharashtra,,,,30,7.5,400,0,,,,,
1,34,Scaling Ambitions,114,GreenProtein,Food,Plant-Based Protein,Middle,Mumbai,Maharashtra,,12,40,60,2,3000,1,0,,,,
1,34,Scaling Ambitions,115,On2Cook,Food,Fastest Cooking Device,Middle,Ahmedabad,Gujarat,0,,,100,1,10000,0,,,,,
1,35,The Final Destination,116,JainShikanji,Food,Lemonade,Middle,Modinagar,Uttar Pradesh,,2,,40,8,500,1,1,40,30,133,4
1,35,The Final Destination,117,Woloo,Technology/Software,Washroom Finder,Middle,Mumbai,Maharashtra,108,,,50,4,1250,1,0,,,,
1,35,The Final Destination,118,ElcareIndia,Medical/Health,Carenting for Elders,Middle,Mumbai,Maharashtra,60,,30,100,2.5,4000,0,,,,,
1,36,Gateway To Shark Tank India,119,SneaKare,Beauty/Fashion,Shoe Sneaker kits storage crates,Young,Delhi,Delhi,,7,,20,5,400,1,1,21,12,175,3
1,36,Gateway To Shark Tank India,120,FrenchCrown,Beauty/Fashion,Clothes,Middle,Surat,Gujarat,7200,,70,150,0.33,45455,1,0,,,,
1,36,Gateway To Shark Tank India,121,StoreMyGoods,Services,Storage solutions,Middle,Noida,Uttar Pradesh,100,,,100,1.75,5714,1,1,50,4,1250,2
1,36,Gateway To Shark Tank India,122,Devnagri,Technology/Software,Translation of language content,Middle,Delhi,Delhi,500,,,100,1,10000,1,0,,,,
1,0,Unseen,123,WitBlox,Manufacturing,Kids playing equipment,Middle,Mumbai,Maharashtra,,,,60,3,2000,1,1,60,10,600,2
1,0,Unseen,124,Kineer,Food,Packaged drinking water,Middle,Pune,Maharashtra,,2,,100,10,1000,0,,,,,
1,0,Unseen,125,PiChem,Manufacturing,Chemical products,Young,Lucknow,Uttar Pradesh,,1.77,50,40,5,800,0,,,,,
1,0,Unseen,126,Clensta,Beauty/Fashion,Waterless bathing technology products,Middle,Delhi,Delhi,,150,,100,1,10000,0,,,,,
1,0,Unseen,127,InfinitiInsects,Animal/Pets,Live insect feed for pets,Middle,Bangalore,Karnataka,,0.5,,25,10,250,0,,,,,
1,0,Unseen,128,AshwaPro,Services,Outdoor cycling gym,Middle,Jaipur,Rajasthan,,,,50,10,500,0,,,,,
1,0,Unseen,129,Mine4Nine,Beauty/Fashion,Trendy maternity dresses,Middle,Gurgaon,Haryana,260,,,75,4,1875,0,,,,,
1,0,Unseen,130,StudioBeej,Beauty/Fashion,Sustainable leather accessories,Middle,Mumbai,Maharashtra,112,,,75,7.5,1000,0,,,,,
1,0,Unseen,131,Sattuz,Liquor/Beverages,Foods Beverages super food,Middle,Madhubani,Bihar,25,,,25,5,500,0,,,,,
1,0,Unseen,132,Scintiglo,Medical/Health,Diagnostic device for microalbuminuria estimation,Middle,Indore,Madhya Pradesh,0,,,75,1,7500,1,0,,,,
1,0,Unseen,133,Glii,Services,Dating app for LGBTQ,Middle,Noida,Uttar Pradesh,,,,40,4,1000,0,,,,,
1,0,Unseen,134,StanleeIndia,Electronics,Televisions,Middle,Delhi,Delhi,,,,60,3,2000,0,,,,,
1,0,Unseen,135,SpaceKidzIndia,Manufacturing,Small Satellites by kids,Middle,Chennai,Tamil Nadu,,,,100,2,5000,0,,,,,
1,0,Unseen,136,UrbanNaps,Services,Smart Napping Pod,Young,Ahmedabad,Gujarat,,,,50,4,1250,1,0,,,,
1,0,Unseen,137,Gizmoswala,Entertainment,Sex toys and games,Middle,Mumbai,Maharashtra,,7,40,75,5,1500,0,,,,,
1,0,Unseen,138,ZyppElectric,Vehicles/Electrical Vehicles,Electrical Vehicles,Young,Gurgaon,Haryana,-1,,,220,1,22000,0,,,,,
1,0,Unseen,139,Picsniff,Technology/Software,Face recognition based image sharing,Young,Mumbai,Maharashtra,,,,55,1,5500,1,0,,,,
1,0,Unseen,140,Deciwood,Electronics,Portable wooden Bluetooth speakers,Young,Delhi,Delhi,,,,50,3.5,1429,0,,,,,
1,0,Unseen,141,HappyBar,Food,FitSport delicious snacks,Middle,Hyderabad,Telangana,-1,29,,60,2,3000,0,,,,,
1,0,Unseen,142,Tathastulive,Services,"Offer Daan, Puja and Yajna",Middle,Ahmedabad,Gujarat,,,,50,10,500,0,,,,,
1,0,Unseen,143,BandsandCups,Beauty/Fashion,Bra fitting service,Middle,Chennai,Tamil Nadu,,1,60,40,10,400,0,,,,,
1,0,Unseen,144,MyWealthProtector,Services,Beyond Life Service,Middle,Mumbai,Maharashtra,,2,,50,2.5,2000,0,,,,,
1,0,Unseen,145,TheIris,Manufacturing,Pocket Microscopes,Young,Bangalore,Karnataka,,,,10,15,67,0,,,,,
1,0,Unseen,146,Canebot,Food,Juice making machine,Middle,Pune,Maharashtra,200,,,100,2.5,4000,0,,,,,
1,0,Unseen,147,OyeDelhiOye,Food,Delhi Ke Chole Kulche,Middle,Delhi,Delhi,,,,35,10,350,0,,,,,
1,0,Unseen,148,InaliAssistiveTech,Medical/Health,Prosthetics,Young,Pune,Maharashtra,,,,50,5,1000,0,,,,,
1,0,Unseen,149,Meera'sCelebrations,Services,Wedding ceremonial items,Middle,Ludhiana,Punjab,,,,50,25,200,0,,,,,
1,0,Unseen,150,Artment,Beauty/Fashion,Exquisite pieces of home decor,Young,Gurgaon,Haryana,,100,,170,2.5,6800,1,0,,,,
1,0,Unseen,151,Powertree,Manufacturing,Beautiful efficient solar panels,Middle,Gandhinagar,Gujarat,,,,150,2.5,6000,0,,,,,
1,0,Unseen,152,Eume,Beauty/Fashion,Massager Backpack,Middle,Mumbai,Maharashtra,1200,,,150,2,7500,1,0,,,,
2,1,Entrepreneurship Ki Leher Ek Baar Firse,153,Hoovu,Services,Fresh Pooja flowers,Young,Bengaluru,Karnataka,,65,,80,1,8000,1,1,100,2,5000,2
2,1,Entrepreneurship Ki Leher Ek Baar Firse,154,Dorji,Food,Flavors of Tea,Young,Darjeeling,West Bengal,,11,,30,5,600,1,1,30,15,200,3
2,1,Entrepreneurship Ki Leher Ek Baar Firse,155,Recode,Beauty/Fashion,Beauty & cosmetics,Middle,Ludhiana,Punjab,,,,100,1,10000,0,,,,,
2,2,A Bigger Vision,156,VeryMuchIndian,Beauty/Fashion,Paithani Handloom Sarees,Middle,Pune,Maharashtra,150,,35,50,3,1667,1,1,50,10,500,2
2,2,A Bigger Vision,157,WatchoutWearables,Electronics,Smart watches,Young,Thane,Maharashtra,,25,,200,5,4000,1,1,100,10,1000,2
2,2,A Bigger Vision,158,SoupX,Food,Soup based meals,Young,Delhi,Delhi,-1,,45,75,6,1250,1,1,50,18,277.7777778,1
2,3,Thrilling and Thunderous Pitches,159,ATMOSPHERE,Food,Varieties of kombucha,Young,Delhi,Delhi,,,,75,3,2500,1,0,,,,
2,3,Thrilling and Thunderous Pitches,160,Stage,Entertainment,Web series and movies in Indian languages,Young,"Bhiwani,Barnagar","Haryana,Madhya Pradesh",,,,300,1,30000,1,1,150,0.6,25000,3
2,3,Thrilling and Thunderous Pitches,161,Girgit,Beauty/Fashion,color-changing clothing products ,Young,Mumbai,Maharashtra,,,,20,10,200,1,1,20,20,100,1
2,4,Ideas Meets Opportunity,162,GearHeadMotors,Vehicles/Electrical Vehicles,Electric vehicles bikes,Young,Hyderabad,Telangana,,,,75,2,3750,1,1,100,6.67,1499.250375,2
2,4,Ideas Meets Opportunity,163,PatilKaki,Food,Homemade snacks,Young,Mumbai,Maharashtra,,,,40,2.5,1600,1,1,40,4,1000,2
2,4,Ideas Meets Opportunity,164,Brandsdaddy,Manufacturing,Auto Fire Extinguisher,Middle,Mumbai,Maharashtra,,12,60,70,5,1400,1,1,35,5,700,1
2,5,Investing in the Future of India,165,Winston,Beauty/Fashion,Techno beauty products at home,Middle,Faridabad,Haryana,,46,,100,4,2500,1,1,100,10,1000,2
2,5,Investing in the Future of India,166,Flatheads,Beauty/Fashion,Shoes Sneakers Loafers,Middle,Bangalore,Karnataka,-1,,,75,3,2500,1,0,,,,
2,5,Investing in the Future of India,167,OrganicSmokes,Beauty/Fashion,Organic Cigarettes Cigarillos Smokes,Middle,Delhi,Delhi,,40,,100,1,10000,0,,,,,
2,6,Determined Entrepreneurs,168,TeaFit,Liquor/Beverages,Refreshing beverages ,Young,Mumbai,Maharashtra,,,,50,3,1666.666667,1,1,50,8,625,4
2,6,Determined Entrepreneurs,169,Haqdarshak,Services,Platform to know about welfare schemes for MSMEs,Middle,Shimla,Himachal Pradesh,,,,100,0.5,20000,1,1,100,2,5000,3
2,6,Determined Entrepreneurs,170,Bhaskar'sPuranpoliGhar,Food,Varieties of Puranpoli snacks,Middle,Thane,Maharashtra,,,,75,1,7500,0,,,,,
2,7,Shaandar Businesses,171,GunjanAppsStudios,Technology/Software,CHILDREN'S PLAYFUL LEARNING PARTNER,Middle,Kolkata,West Bengal,2400,,,250,1,25000,0,,,,,
2,7,Shaandar Businesses,172,TheSimplySalad,Food,Freshly chopped salads,Young,Ahmedabad,Gujarat,,,,30,10,300,1,1,30,10,300,2
2,7,Shaandar Businesses,173,AyuSynk,Medical/Health,Digital Stethoscopes,Middle,Mumbai,Maharashtra,,,,100,1.5,6666.666667,1,1,50,3.5,1428.571429,1
2,8,Investment with Intent,174,AtypicalAdvantage,Technology/Software,Platform for persons with disabilities,Middle,Jamshedpur,Jharkhand,,,,30,1,3000,1,1,30,3,1000,2
2,8,Investment with Intent,175,HouseOfChikankari,Beauty/Fashion,HANDMADE BY ARTISANS OF LUCKNOW,Middle,Delhi,Delhi,,,,75,1,7500,1,1,75,3.75,2000,2
2,8,Investment with Intent,176,MagicOfMemories,Beauty/Fashion,DNA Jewllery,Middle,Delhi,Delhi,,,,25,5,500,0,,,,,
2,9,Invest In Lifestyle,177,Paradyes,Beauty/Fashion,Semi Permanent Hair Color,Young,Ahmedabad,Gujarat,350,,,65,1,6500,1,1,65,2,3250,2
2,9,Invest In Lifestyle,178,Nestroots,Furnishing/Household,"House of design, aesthetics and elegance",Middle,Delhi,Delhi,,,,50,1,5000,1,1,50,2,2500,1
2,10,Zillionaire Banne Ki Chah,179,Zillionaire,Beauty/Fashion,Unique styles of stones and jewels,Young,Jaipur,Rajasthan,100,,,50,3.3,1515.151515,1,1,100,10,1000,1
2,10,Zillionaire Banne Ki Chah,180,Credmate,Technology/Software,Platform for credit score,Middle,Ludhiana,Punjab,,130,,50,5,1000,0,,,,,
2,10,Zillionaire Banne Ki Chah,181,Freebowler,Sports,Non-Electric & Portable Bowling Machines,Middle,Bangalore,Karnataka,,,,75,7.5,1000,1,1,25,7.5,333.3333333,1
2,11,Investing The Right Way,182,ABCSports&Fitness,Sports,Sports training institute,Middle,Pune,Maharashtra,,,,40,2,2000,1,1,40,10,400,1
2,11,Investing The Right Way,183,Primebook,Technology/Software,Android Apps on Windows laptops,Middle,Delhi,Delhi,,,,75,1.5,5000,1,1,75,3,2500,2
2,11,Investing The Right Way,184,DailyDump,Manufacturing,Compost Bins,Middle,Bangalore,Karnataka,,,,80,4,2000,1,1,30,4,750,1
2,12,Pitchers Ki Undying Spirit,185,GharSoaps,Beauty/Fashion,Pure Organic Soaps,Middle,Pune,Maharashtra,,,,60,2,3000,1,1,60,4,1500,1
2,12,Pitchers Ki Undying Spirit,186,Janitri,Medical/Health,Pregnancy Monitoring systems,Middle,Alwar,Rajasthan,,,,100,2.5,4000,1,1,100,2.5,4000,1
2,12,Pitchers Ki Undying Spirit,187,JaipurWatchCompany,Manufacturing,Made in India Imperial Automatic Watches,Middle,Jaipur,Rajasthan,,,75,50,2,2500,0,,,,,
2,13,Up And Coming Business Ideas,188,InsideFPV,Manufacturing,Plug and Fly Drones,Young,Surat,Gujarat,,,,75,4,1875,1,1,75,15,500,4
2,13,Up And Coming Business Ideas,189,Angrakhaa,Beauty/Fashion,Contemporary Indian clothing,Young,Delhi,Delhi,,,,40,5,800,1,1,40,20,200,1
2,13,Up And Coming Business Ideas,190,Diabexy,Food,Diabetes Friendly Food Products,Middle,Gurgaon,Haryana,,100,,150,1,15000,1,0,,,,
2,14,Investment Worthy Ideas,191,Kyari,Manufacturing,Smart stick Guardian,Young,Ghaziabad,Uttar Pradesh,,10,,51,1,5100,1,1,51,6,850,2
2,14,Investment Worthy Ideas,192,MoppFoods,Food,Mad over Parathas Pakodas,Middle,Delhi,Delhi,,,,75,2.25,3333.333333,1,1,75,5,1500,1
2,14,Investment Worthy Ideas,193,Econiture,Furnishing/Household,Furniture from plastic waste,Middle,Amaravati,Maharashtra,,,,50,8,625,0,,,,,
2,15,Changing The Face Of Indian Entrepreneurship,194,Dobiee,Food,CANDIES MUSKIEE TOYS,Middle,Shinde,Maharashtra,,32,23,72,2,3600,1,1,72,6.5,1107.692308,1
2,15,Changing The Face Of Indian Entrepreneurship,195,FastBeetle,Services,Local courier and parcel service,Young,Srinagar,Jammu & Kashmir,-1,25,54,90,3,3000,1,1,90,7.5,1200,2
2,15,Changing The Face Of Indian Entrepreneurship,196,Pflow,Medical/Health,Disposable uroflowmetry system,Middle,Dhule,Maharashtra,,,80,60,1,6000,1,1,60,6,1000,2
2,16,Pitchers Ki Taiyyari,197,VSMani,Food,Coffee and snacks,Middle,Bangalore,Karnataka,-1,63,,60,1.5,4000,1,1,19,1,1900,1
2,16,Pitchers Ki Taiyyari,198,Sepal,Manufacturing,Bike Accessories,Middle,Hyderabad,Telangana,,,37,50,1,5000,1,1,50,2,2500,1
2,16,Pitchers Ki Taiyyari,199,Solinas,Services,"Products organise the management of pipelines,manholes and septic tanks",Middle,Chennai,Tamil Nadu,120,,,90,2,4500,1,1,90,3,3000,2
2,17,Innovation Hardwork And Diligence,200,AvimeeHerbal,Beauty/Fashion,Ayurveda hair skin products,Middle,Surat,Gujarat,,165,69,280,0.5,56000,1,0,,,,
2,17,Innovation Hardwork And Diligence,201,eyenic,Beauty/Fashion,Eyewear,Middle,Delhi,Delhi,,15,45,75,6,1250,0,,,,,
2,17,Innovation Hardwork And Diligence,202,ekatra,Furnishing/Household,Handmade paper goods,Middle,Kota,Rajasthan,,5,80,40,10,400,1,1,20,20,100,2
2,18,Business Ideas With Potential,203,Raasa,Food,Food karts,Middle,Delhi,Delhi,,,,50,5,1000,1,1,50,25,200,1
2,18,Business Ideas With Potential,204,NeoMotion,Manufacturing,Wheelchairs,Middle,Chennai,Tamil Nadu,470,,,100,1,10000,1,1,100,1,10000,1
2,18,Business Ideas With Potential,205,licksters,Food,Icecreams ice-pops,Middle,Nagpur,Maharashtra,86,14,,50,5,1000,1,1,25,5,500,1
2,18,Business Ideas With Potential,206,Sayonara,Beauty/Fashion,Petticoat,Middle,Kolkata,West Bengal,0,,,100,1,10000,0,,,,,
2,19,Building Brands For India,207,PMV,Vehicles/Electrical Vehicles,Personal Mobility Vehicle,Middle,Mumbai,Maharashtra,0,,,100,1,10000,1,0,,,,
2,19,Building Brands For India,208,SpiceStory,Food,Indian Sauces Chutneys,Middle,Mumbai,Maharashtra,410,57,,70,2,3500,1,1,70,5,1400,1
2,19,Building Brands For India,209,Bullspree,Technology/Software,App to learn stock market basics,Middle,Ahmedabad,Gujarat,-1,,,75,1.5,5000,1,1,75,2.86,2622.377622,2
2,20,Nurturing Indian Entrepreneurs,210,Snitch,Beauty/Fashion,Menswear,Middle,Bangalore,Karnataka,,,,150,0.5,30000,1,1,150,1.5,10000,5
2,20,Nurturing Indian Entrepreneurs,211,Portl,Services,Portl studio gym,Middle,Hyderabad,Telangana,,,45,150,1,15000,1,1,150,2.5,6000,3
2,20,Nurturing Indian Entrepreneurs,212,FatToSlim,Beauty/Fashion,Diet Plan Weight Loss,Middle,Bangalore,Karnataka,,14,,20,1,2000,0,,,,,
2,21,Adhbhut Aur Anokhe Entrepreneurs,213,CheeseCake&Co.,Food,Cakes Slices,Middle,Delhi,Delhi,,194,,100,2,5000,1,0,,,,
2,21,Adhbhut Aur Anokhe Entrepreneurs,214,Dabble,Manufacturing,Paints Crayons Brushes,Middle,Bangalore,Karnataka,33,8.7,75,50,10,500,1,1,15,10,150,1
2,21,Adhbhut Aur Anokhe Entrepreneurs,215,CloudTailor,Services,Custom tailor online,Middle,"Bangalore,Hyderabad","Karnataka,Telangana",-1,34,,100,1.4,7142.857143,0,,,,,
2,21,Adhbhut Aur Anokhe Entrepreneurs,216,BeUnic,Services,Platform for LGBTQ+ creators and entrepreneurs,Middle,Noida,Uttar Pradesh,50,6,,100,10,1000,1,0,,,,
2,22,Making Big Businesses,217,Broomees,Services,Helpers homemakers for your home,Middle,Delhi,Delhi,,,,80,2,4000,1,1,100,3,3333.333333,3
2,22,Making Big Businesses,218,Ravel,Beauty/Fashion,Custom Hair Products,Middle,Amaravati,Maharashtra,,40,,75,2.5,3000,1,1,75,10,750,1
2,22,Making Big Businesses,219,HoneyVeda,Food,Honey in natural nutritious form,Middle,Ahmedabad,Gujarat,53,,20,75,7.5,1000,1,1,50,20,250,2
2,23,Changing The World,220,PadCare,Manufacturing,Menstrual hygiene disposal solution,Young,Pune,Maharashtra,-1,14,,50,2,2500,1,1,100,4,2500,4
2,23,Changing The World,221,SwadeshiBlessings,Furnishing/Household,Clay utensils and cookwares,Middle,Udaipur,Rajasthan,120,28,60,50,5,1000,1,1,25,5,500,2
2,23,Changing The World,222,OLL,Technology/Software,Online Live Learning Skill development classes,Young,Mumbai,Maharashtra,,,,30,2,1500,1,1,30,5,600,2
2,23,Changing The World,223,Febris,Medical/Health,"Scrubs, Lab Coats & Medical Apparel",Middle,Ferozepur,Punjab,110,12,,100,2.5,4000,0,,,,,
2,24,India Ke Incredible Entrepreneurs,224,Geeani,Vehicles/Electrical Vehicles,Smallest EV tractor,Middle,Ahmedabad,Gujarat,,,,75,7.5,1000,1,1,100,10,1000,3
2,24,India Ke Incredible Entrepreneurs,225,Amore,Food,Gelato Ice Cream Online,Middle,"Hyderabad,Mumbai","Telangana,Maharashtra",,,,75,4,1875,1,1,75,7.5,1000,1
2,24,India Ke Incredible Entrepreneurs,226,LeafyAffair,Beauty/Fashion,Botanical Jewellery,Middle,Bangalore,Karnataka,110,21,80,50,2.5,2000,0,,,,,
2,25,Badhta India,227,ScrapUncle,Services,Sell scrap recyclables online,Young,Delhi,Delhi,600,,25,60,3,2000,1,1,60,5,1200,1
2,25,Badhta India,228,SharmaJiKiAata,Food,Freshly milled atta,Middle,Pune,Maharashtra,,,63,40,10,400,1,1,40,20,200,1
2,25,Badhta India,229,Manetain,Beauty/Fashion,Curly Hair Care Products,Young,"Cochin,Mumbai","Kerala,Maharashtra",100,12,60,75,2.5,3000,1,1,75,10,750,1
2,26,Bharat Badal Raha Hai,230,GavinParis,Beauty/Fashion,Gender-Neutral Fashion,Young,Kolkata,West Bengal,114,,60,50,5,1000,1,0,,,,
2,26,Bharat Badal Raha Hai,231,UnStop,Technology/Software,Connecting talent colleges recruiters,Middle,Delhi,Delhi,1600,,90,100,1,10000,1,1,200,4,5000,4
2,26,Bharat Badal Raha Hai,232,BlueTea,Food,Ayurvedic Herbal Tea,Middle,"Faridabad,Kolkata","Haryana,West Bengal",1000,,,75,1,7500,1,1,50,3,1666.666667,1
2,27,Nayi Soch Naye Vichaar,233,TheGreenSnack,Food,Healthy Snacks Online,Middle,Mumbai,Maharashtra,-1,25,,100,2,5000,1,1,100,8,1250,1
2,27,Nayi Soch Naye Vichaar,234,HobbyIndia,Furnishing/Household,Online Art & Craft Store,Young,Surat,Gujarat,117,,,50,3,1666.666667,1,0,,,,
2,27,Nayi Soch Naye Vichaar,235,Flhexible,Furnishing/Household,Composite paper honeycomb panels,Middle,Jaipur,Rajasthan,16,3.5,40,50,7.5,666.6666667,0,,,,,
2,27,Nayi Soch Naye Vichaar,236,UpThrust,Sports,ESPORTS AND GAMING ORGANISATION,Young,Mumbai,Maharashtra,300,33,,75,3,2500,0,,,,,
2,28,Game Changers,237,Zoff,Food,Cool Grind Technology Indian Spices,Middle,Raipur,Chhattisgarh,,700,,100,0.5,20000,1,1,100,1.25,8000,1
2,28,Game Changers,238,DesiToys,Manufacturing,Indian Traditional Toys and Indoor Games,Middle,Mumbai,Maharashtra,115,20,50,50,3,1666.666667,1,0,,,,
2,28,Game Changers,239,CloudWorx,Technology/Software,NoCode Enterprise Metaverse App Builder,Middle,Bangalore,Karnataka,,14,,40,2,2000,1,1,40,3.2,1250,2
2,29,Pulse Of The Country,240,Mahantam,Manufacturing,Tea Glass Washing Machine,Young,Banaskantha,Gujarat,,,,30,10,300,1,1,30,20,150,5
2,29,Pulse Of The Country,241,MindPeers,Medical/Health,For Mental Strength,Middle,Delhi,Delhi,,,,53,1,5300,1,1,106,2,5300,4
2,29,Pulse Of The Country,242,Barosi,Food,Fresh & pure milk products,Middle,Pataudi,Haryana,-1,42,40,50,2,2500,0,,,,,
2,30,Changing India,243,Daryaganj,Food,North Indian Cuisine restaurant,Middle,Delhi,Delhi,,300,,90,0.5,18000,1,1,90,1,9000,1
2,30,Changing India,244,DhruvVidyut,Vehicles/Electrical Vehicles,Invention converts cycle into an electric cycle,Middle,Delhi,Delhi,,,,0,0.5,0,1,1,0,0.5,0,3
2,30,Changing India,245,CELLBELL,Furnishing/Household,Gaming Office Chairs,Middle,Ulhasnagar,Maharashtra,,400,52,90,1.5,6000,0,,,,,
2,31,Innovations And Investments,246,Tipayi,Manufacturing,Balance Bike for Kids,Young,Pune,Maharashtra,21,0.5,35,50,10,500,1,0,,,,
2,31,Innovations And Investments,247,DigiQure,Medical/Health,Book Doctors Appointments Video Consultation,Middle,Bhopal,Madhya Pradesh,,,,40,4,1000,1,1,40,10,400,1
2,31,Innovations And Investments,248,Nirmalaya,Manufacturing,Incense products made from temple flowers,Middle,Delhi,Delhi,-1,80,,60,1.5,4000,0,,,,,
2,32,Pitch Perfect,249,Pabiben,Beauty/Fashion,Handcrafted products sold directly by artisans,Middle,Ahmedabad,Gujarat,,,50,50,5,1000,1,1,10,5,200,1
2,32,Pitch Perfect,250,Homestrap,Furnishing/Household,Collection of organizer for home and travelling,Middle,Indore,Madhya Pradesh,,,55,70,1,7000,1,1,50,7,714.2857143,1
2,32,Pitch Perfect,251,uBreathe,Manufacturing,Smart Natural Air Purifier,Middle,Gurgaon,Haryana,,,,150,7.5,2000,1,1,50,5,1000,1
2,32,Pitch Perfect,252,Deyor,Technology/Software,Chatbot integrated experiential travel website,Middle,Gurgaon,Haryana,,,25,100,1,10000,0,,,,,
2,33,Growing With India,253,iMumz,Medical/Health,Transforming pregnancy and parenting with app,Middle,Bangalore,Karnataka,,,,70,1,7000,1,1,10,1,1000,1
2,33,Growing With India,254,TheHealthyBinge,Food,Assorted Pack Baked Chips,Middle,Pune,Maharashtra,-1,11,,50,5,1000,1,1,50,5,1000,2
2,33,Growing With India,255,Freakins,Beauty/Fashion,Fashionable Denim Apparel,Middle,Mumbai,Maharashtra,-1,,63,70,1,7000,1,1,50,2.5,2000,1
2,34,Growing Ideas Into Successful Businesses,256,Perfora,Furnishing/Household,Toothpaste Electric Toothbrush,Young,"Ballarpur,Karnal","Haryana,Maharashtra",-1,,57,80,1,8000,1,1,80,2.5,3200,3
2,34,Growing Ideas Into Successful Businesses,257,MidNightAngelsByPC,Beauty/Fashion,Lounge & Travel wear,Middle,Gurgaon,Haryana,180,,83,75,6,1250,1,0,,,,
2,34,Growing Ideas Into Successful Businesses,258,CureSee,Medical/Health,Artificial Intelligence (AI) based vision therapy,Middle,Gurgaon,Haryana,0,264,,40,5,800,1,1,50,10,500,1
2,35,Business Ideas Ka Pitara,259,MeduLance,Medical/Health,One-stop solution for all healthcare needs,Middle,Delhi,Delhi,240,,,200,1,20000,1,1,200,2,10000,3
2,35,Business Ideas Ka Pitara,260,Cakelicious,Food,Cakes Online,Middle,Kolkata,West Bengal,,3,60,25,5,500,1,1,25,20,125,1
2,35,Business Ideas Ka Pitara,261,Bowled.io,Sports,Play-to-Earn Social Gaming Platform,Middle,Mumbai,Maharashtra,,,,80,1,8000,0,,,,,
2,35,Business Ideas Ka Pitara,262,Toyshine,Manufacturing,Collection of Toys,Middle,Jalandhar,Punjab,4500,450,,125,0.5,25000,0,,,,,
2,36,Anokhe Pitchers Ke Anokhe Ideas,263,neuphony,Medical/Health,Wearable EEG Headband,Young,Noida,Uttar Pradesh,-1,,,100,2,5000,1,1,100,5.4,1851.851852,2
2,36,Anokhe Pitchers Ke Anokhe Ideas,264,Amrutam,Food,Ayurvedic Lifestyle products,Middle,Gwalior,Madhya Pradesh,110,,,50,2,2500,0,,,,,
2,36,Anokhe Pitchers Ke Anokhe Ideas,265,HoloKitab,Technology/Software,Augmented Reality content for books,Middle,Jalandhar,Punjab,0,,,45,10,450,1,1,45,25,180,1
2,37,Bharat Ka Kal,266,Zoe,Food,Nutrition For Life. Shop health & wellness products,Middle,Gurgaon,Haryana,120,,,75,5,1500,0,,,,,
2,37,Bharat Ka Kal,267,Hornback,Vehicles/Electrical Vehicles,Diamond frame folding bicycles,Middle,Hyderabad,Telangana,,,,50,1,5000,1,1,50,2.5,2000,1
2,37,Bharat Ka Kal,268,Malaki,Liquor/Beverages,Non-Alcoholic Beverages,Middle,Mumbai,Maharashtra,270,42,56,50,1,5000,1,1,50,3,1666.666667,2
2,37,Bharat Ka Kal,269,nanoclean,Manufacturing,Contamination Control Solutions,Middle,Bikaner,Rajasthan,110,5,,80,2,4000,0,,,,,
2,38,Innovation And Imagination,270,DesmondJi,Liquor/Beverages,"Spirits, Liqueurs & Cocktail Blends",Middle,Goa,Goa,1200,125,,100,1,10000,0,,,,,
2,38,Innovation And Imagination,271,Cremeitalia,Food,Fresh Italian Cheese Products,Middle,Mumbai,Maharashtra,,62,,90,1.5,6000,0,,,,,
2,38,Innovation And Imagination,272,nawgati,Services,Congestion Management for Fuel Stations,Young,Noida,Uttar Pradesh,,,,67,2,3350,1,1,67,3,2233.333333,2
2,38,Innovation And Imagination,273,Swytchd,Vehicles/Electrical Vehicles,All-inclusive Electric Vehicle Subscription,Middle,Bangalore,Karnataka,,,,50,3,1666.666667,0,,,,,
2,39,Revolutionary Ideas And Successful Businesses,274,GladFul,Food,Natural High Protein Rich & Healthy Foods,Middle,Jaipur,Rajasthan,-1,24,,50,2,2500,1,1,50,3.5,1428.571429,3
2,39,Revolutionary Ideas And Successful Businesses,275,Pharmallama,Medical/Health,Simplified pharmacy,Middle,Bangalore,Karnataka,,24,,100,1.5,6666.666667,1,1,200,5,4000,5
2,39,Revolutionary Ideas And Successful Businesses,276,CraveRajaFoods,Food,Cloud-kitchen service,Middle,Kolkata,West Bengal,256,20,70,65,3,2166.666667,0,,,,,
2,39,Revolutionary Ideas And Successful Businesses,277,VAPerfume,Furnishing/Household,"Devotional, meditational, and romantic incense",Middle,Mumbai,Maharashtra,,,56,100,10,1000,0,,,,,
2,40,Creating Valuable Businesses,278,Hood,Technology/Software,Pseudonymous social network,Middle,Gurgaon,Haryana,0,,,120,0.2,60000,1,1,60,0.54,11111.11111,2
2,40,Creating Valuable Businesses,279,TwistingScoops,Food,Authentic turkish ice cream,Young,Delhi,Delhi,,,,100,2.5,4000,1,0,,,,
2,40,Creating Valuable Businesses,280,GROWiT,Agriculture,Protective farming products,Middle,Surat,Gujarat,-1,,22,100,1,10000,1,1,50,1,5000,2
2,41,Out Of The Box Business Ideas,281,Makino,Food,Nachos & Nuts,Young,Himmatnagar,Gujarat,,2.5,40,200,2,10000,0,,,,,
2,41,Out Of The Box Business Ideas,282,Trunome,Medical/Health,Post Transplant Care,Middle,Chennai,Tamil Nadu,,,,150,1,15000,1,1,150,2,7500,4
2,41,Out Of The Box Business Ideas,283,Wol3D,Manufacturing,3D printing technology,Middle,Mumbai,Maharashtra,,,30,150,1,15000,1,1,80,2,4000,1
2,41,Out Of The Box Business Ideas,284,What'sUpWellness,Food,Wellness in the form of quick bites,Middle,Kolkata,West Bengal,,30,,50,3,1666.666667,1,1,60,4.76,1260.504202,3
2,42,Building Businesses From Scratch,285,ProostBeer,Liquor/Beverages,Freshly brewed beer,Middle,Delhi,Delhi,-1,,,100,0.75,13333.33333,0,,,,,
2,42,Building Businesses From Scratch,286,DrCubes,Liquor/Beverages,Frozen Fresh cubes,Middle,Bangalore,Karnataka,75,,45,80,15,533.3333333,0,,,,,
2,42,Building Businesses From Scratch,287,MetroRide,Vehicles/Electrical Vehicles,Metro Shuttle Service Access Transportation,Middle,Bangalore,Karnataka,54,25,,75,1,7500,0,,,,,
2,42,Building Businesses From Scratch,288,Conker,Technology/Software,Skill Based Learning Online Courses,Middle,Bangalore,Karnataka,120,22,50,40,1,4000,0,,,,,
2,43,Creating Value Through Ideas,289,WTF,Food,Where's The Food,Middle,Kolkata,West Bengal,,,,75,5,1500,0,,,,,
2,43,Creating Value Through Ideas,290,funngro,Technology/Software,Smart Teens work with Smart companies,Middle,Mumbai,Maharashtra,,,,50,1.25,4000,1,1,50,4.16,1201.923077,2
2,43,Creating Value Through Ideas,291,Aadvik,Food,Buy Camel & Goat Milk,Middle,Delhi,Delhi,720,50,,60,1.5,4000,1,1,15,1.5,1000,1
2,43,Creating Value Through Ideas,292,oyehappy,Services,"Unique Gifts, Customized Gifts, Romantic Gifts, Thoughtful Gifts",Middle,Hyderabad,Telangana,1005,80,80,50,1,5000,0,,,,,
2,44,Entrepreneurship Ka Junoon,293,HealthyMaster,Food,"Online Dry Fruits, Snacks, Berries, Chips",Middle,Bangalore,Karnataka,-1,20,45,50,2,2500,1,1,50,6.5,769.2307692,1
2,44,Entrepreneurship Ka Junoon,294,Kitsons,Furnishing/Household,"Stationery, Art & Craft, Books & Toy Retail Space",Middle,Hyderabad,Telangana,,,,1000,10,10000,0,,,,,
2,44,Entrepreneurship Ka Junoon,295,LondonBubble,Food,Waffle Chips Online,Middle,Mumbai,Maharashtra,,,,75,5,1500,1,1,75,15,500,1
2,44,Entrepreneurship Ka Junoon,296,WaggyZone,Animal/Pets,"Ice Cream Treat for Dogs, Puppies and Cats",Middle,Mumbai,Maharashtra,0,1,60,50,5,1000,0,,,,,
2,45,True Meaning Of Entrepreneurship,297,NutriCook,Food,"Smart Pots, Air Fryers, Air Fryer Oven",Middle,"Bangalore,Punganur","Karnataka,Andhra Pradesh",13,,,100,2,5000,1,1,50,10,500,1
2,45,True Meaning Of Entrepreneurship,298,Subhag,Medical/Health,Health-tech IUI Treatment Procedure for Infertility,Middle,"Jhumri Telaiya,Raipur","Jharkhand,Chhattisgarh",,0,,50,1,5000,1,1,20,1,2000,1
2,45,True Meaning Of Entrepreneurship,299,SinghStyled,Beauty/Fashion,Sikh Gentleman to maintain their Guru-gifted identity,Middle,Mumbai,Maharashtra,,7.5,,50,5,1000,1,1,50,10,500,1
2,46,Different Colours Of Entrepreneurship,300,ZSportsTech,Sports,Cricket Sport Shop,Middle,Mumbai,Maharashtra,31,,,60,2,3000,0,,,,,
2,46,Different Colours Of Entrepreneurship,301,ThePlatedProject,Services,Decor Plates & Dinnerware,Middle,Mumbai,Maharashtra,,,,75,2,3750,1,1,75,3.75,2000,3
2,46,Different Colours Of Entrepreneurship,302,VsnapU,Services,Professional Photography service,Middle,Goa,Goa,,15,,50,1.5,3333.333333,0,,,,,
2,46,Different Colours Of Entrepreneurship,303,TheHealthyFactory,Food,Protein bread,Young,Mumbai,Maharashtra,-1,,56,75,2.1,3571.428571,0,,,,,
2,47,Tunnel Se Tank Tak Ka Safar,304,Brevistay,Services,Booking hotels for hours,Young,"Dehradun,Nainital,Lucknow","Uttarakhand,Uttar Pradesh",,42,,100,1.66,6024.096386,0,,,,,
2,47,Tunnel Se Tank Tak Ka Safar,305,SoulUp,Services,Real Conversations Real People,Middle,Bangalore,Karnataka,,,,50,3,1666.666667,1,1,50,5,1000,1
2,47,Tunnel Se Tank Tak Ka Safar,306,TheBigBookBox - ChapterOneBooks,Furnishing/Household,New paperback and hardcover books,Middle,Gopalganj,Bihar,140,,,50,8,625,0,,,,,
2,48,"Pitchers, Investments And Businesses",307,Rubans,Beauty/Fashion,Artificial Jewellery Set Online,Middle,Bangalore,Karnataka,5100,,,150,0.5,30000,1,1,100,1,10000,3
2,48,"Pitchers, Investments And Businesses",308,SameNotification,Technology/Software,parental monitoring app,Middle,"Ahmedabad,Mirzapur","Gujarat,Uttar Pradesh",,,,25,15,166.6666667,0,,,,,
2,48,"Pitchers, Investments And Businesses",309,BottomLineSprays,Furnishing/Household,portable jet spray,Middle,Ahmedabad,Gujarat,,2,,35,5,700,0,,,,,
2,48,"Pitchers, Investments And Businesses",310,LilGoodness,Food,Healthy Snacks,Middle,Bangalore,Karnataka,-1,145,65,100,1,10000,1,1,50,1,5000,1
2,49,Businesses Adding Value To Society,311,ForeverModest,Beauty/Fashion,premium Muslim women's clothing,Young,Aurangabad,Maharashtra,,4.2,,20,10,200,1,1,20,20,100,4
2,49,Businesses Adding Value To Society,312,Sahayatha,Medical/Health,smart wheelchair with an assistive cleansing device,Young,Coimbatore,Tamil Nadu,,,,100,10,1000,1,1,100,10,1000,5
2,49,Businesses Adding Value To Society,313,WickedGud,Food,High Protein & Fiber Gluten Free Vegan food,Middle,Mumbai,Maharashtra,-1,,,50,1,5000,0,,,,,
2,49,Businesses Adding Value To Society,314,maisha,Beauty/Fashion,Handmade Cotton & Jacquard Bags,Middle,Ahmedabad,Gujarat,,,,75,3,2500,1,1,10,1,1000,1
2,50,Season Finale With The Sharks,315,NishHair,Beauty/Fashion,100% Human Hair Extensions,Middle,Mumbai,Maharashtra,670,80,,100,2,5000,1,1,100,2,5000,1
2,50,Season Finale With The Sharks,316,MYBYK,Vehicles/Electrical Vehicles,IoT-enabled bikes,Middle,Ahmedabad,Gujarat,-1,,,200,1,20000,0,,,,,
2,51,Gateway To Shark Tank India,317,GODESi,Food,Handmade lollipops,Middle,Bangalore,Karnataka,-1,270,,90,0.5,18000,1,0,,,,
2,51,Gateway To Shark Tank India,318,TAC,Beauty/Fashion,"ayurveda co for glowing skin, makeup & open pores",Middle,Mumbai,Maharashtra,-1,,,150,0.5,30000,1,1,81,1,8100,2
2,51,Gateway To Shark Tank India,319,Naara-Aaba,Liquor/Beverages,pears and plum wine,Middle,Ziro,Arunachal Pradesh,,,50,75,2.5,3000,1,1,50,5,1000,2
2,51,Gateway To Shark Tank India,320,StyloBug,Beauty/Fashion,Girls Dresses Online,Middle,Delhi,Delhi,1400,46,,80,2,4000,1,1,80,10,800,1
